{
  "parameters": {
    "min_area": 13.71304347826087,
    "max_area": 145.97826086956522,
    "min_circularity": 0.5,
    "shots_per_series": 5,
    "number_of_targets": 2
  },
  "fixed_target_positions": [
    [
      466.6,
      212.7
    ],
    [
      371.3,
      213.5
    ],
    [
      460.0,
      111.6
    ],
    [
      174.9,
      106.3
    ],
    [
      368.4,
      109.5
    ],
    [
      268.9,
      215.4
    ],
    [
      169.77777777777777,
      211.44444444444446
    ],
    [
      270.875,
      109.0
    ]
  ],
  "timestamp": "2025-07-24T08:26:16.739125"
}