{
  "parameters": {
    "min_area": 7,
    "max_area": 167.06521739130437,
    "min_circularity": 0.8902391304347828,
    "shots_per_series": 5,
    "number_of_targets": 1
  },
  "fixed_target_positions": [
    [
      409.2025126139323,
      208.04981740315756
    ],
    [
      394.14613138834636,
      105.79691314697266
    ],
    [
      309.9128712972005,
      220.29772288004557
    ],
    [
      298.5080495198568,
      117.26995747884115
    ]
  ],
  "timestamp": "2025-07-24T12:45:16.938419"
}