{
  "parameters": {
    "min_area": 50.21521739130435,
    "max_area": 400,
    "min_circularity": 0.8536521739130436,
    "shots_per_series": 3,
    "number_of_targets": 1
  },
  "fixed_target_positions": [
    [
      363.2419718424479,
      230.38944600423176
    ],
    [
      263.8619852701823,
      240.8732681274414
    ],
    [
      349.6439249674479,
      127.98281351725261
    ],
    [
      253.868532816569,
      137.60577697753905
    ]
  ],
  "timestamp": "2025-07-24T13:05:52.343138"
}