{
  "parameters": {
    "min_area": 63.64130434782609,
    "max_area": 563.5,
    "min_circularity": 0.5695652173913044,
    "shots_per_series": 3,
    "number_of_targets": 1
  },
  "fixed_target_positions": [
    [
      536.2166687011719,
      427.9452189127604
    ],
    [
      515.0623721168155,
      428.57703072684154
    ]
  ],
  "timestamp": "2025-08-01T09:26:23.566325"
}