{
  "parameters": {
    "min_area": 49.37608695652174,
    "max_area": 112.23913043478261,
    "min_circularity": 0.8041521739130435,
    "shots_per_series": 5,
    "number_of_targets": 2
  },
  "fixed_target_positions": [
    [
      227.51431325276693,
      171.84631958007813
    ],
    [
      314.8687306722005,
      161.69642384847006
    ],
    [
      327.435019938151,
      256.691259765625
    ],
    [
      239.28155619303385,
      267.2315399169922
    ],
    [
      406.0852834065755,
      148.06771240234374
    ],
    [
      489.59572448730466,
      147.9721715291341
    ],
    [
      492.5083251953125,
      240.30098622639974
    ],
    [
      407.5924357096354,
      242.41251017252605
    ]
  ],
  "timestamp": "2025-07-24T14:52:59.658343"
}