{
  "parameters": {
    "min_area": 7,
    "max_area": 167.06521739130437,
    "min_circularity": 0.8902391304347828,
    "shots_per_series": 5,
    "number_of_targets": 1
  },
  "fixed_target_positions": [
    [
      398.63148600260416,
      212.13780263264974
    ],
    [
      298.74961140950523,
      217.91825205485026
    ],
    [
      294.39019571940105,
      114.5419797261556
    ],
    [
      390.48216552734374,
      109.04566167195638
    ]
  ],
  "timestamp": "2025-07-24T11:58:46.670985"
}