{
  "calculation_timestamp": "2025-07-23T13:12:17.830740",
  "alvobase_dimensions": {
    "width": 300,
    "height": 300
  },
  "number_of_targets": 1,
  "homographies": {
    "1": {
      "camera_points": [
        [
          359.0,
          257.0
        ],
        [
          259.0,
          257.0
        ],
        [
          357.0,
          153.0
        ],
        [
          261.0,
          153.1
        ]
      ],
      "alvobase_corners": [
        [
          0.0,
          0.0
        ],
        [
          300.0,
          0.0
        ],
        [
          300.0,
          300.0
        ],
        [
          0.0,
          300.0
        ]
      ],
      "homography_matrix": [
        [
          0.7790553542455365,
          -0.7348164504429857,
          -90.83304441030027
        ],
        [
          3.4790536924781107e-17,
          -0.7198346167074946,
          184.9974964938261
        ],
        [
          -2.6037274526039487e-06,
          -0.004898874524014089,
          1.0
        ]
      ]
    }
  }
}