{
  "calculation_timestamp": "2025-07-23T17:44:41.518204",
  "alvobase_dimensions": {
    "width": 300,
    "height": 300
  },
  "number_of_targets": 1,
  "homographies": {
    "1": {
      "camera_points": [
        [
          277.6,
          395.9
        ],
        [
          119.5,
          275.6
        ],
        [
          540.3333333333334,
          90.11111111111111
        ],
        [
          504.77777777777777,
          424.77777777777777
        ]
      ],
      "alvobase_corners": [
        [
          0.0,
          0.0
        ],
        [
          300.0,
          0.0
        ],
        [
          300.0,
          300.0
        ],
        [
          0.0,
          300.0
        ]
      ],
      "homography_matrix": [
        [
          0.14598013659317002,
          -1.1484069925312266,
          414.13023452453655
        ],
        [
          0.5860979377717315,
          -0.7702584949421304,
          142.2445423436141
        ],
        [
          0.0009974041854951597,
          -0.0026691225020101335,
          1.0
        ]
      ]
    }
  }
}