{
  "calculation_timestamp": "2025-07-24T13:05:52.345102",
  "alvobase_dimensions": {
    "width": 300,
    "height": 300
  },
  "number_of_targets": 1,
  "homographies": {
    "1": {
      "camera_points": [
        [
          253.8685302734375,
          137.60577392578125
        ],
        [
          349.6439208984375,
          127.9828109741211
        ],
        [
          363.2419738769531,
          230.3894500732422
        ],
        [
          263.86199951171875,
          240.87326049804688
        ]
      ],
      "alvobase_corners": [
        [
          0.0,
          0.0
        ],
        [
          300.0,
          0.0
        ],
        [
          300.0,
          300.0
        ],
        [
          0.0,
          300.0
        ]
      ],
      "homography_matrix": [
        [
          3.245209315375067,
          -0.31404753365706856,
          -780.6417654055729
        ],
        [
          0.3154450225962852,
          3.1395600722601786,
          -512.1031577984337
        ],
        [
          -1.1260426453949547e-05,
          0.00039105250160815835,
          1.0
        ]
      ]
    }
  }
}