{
  "calculation_timestamp": "2025-07-28T15:21:24.119031",
  "alvobase_dimensions": {
    "width": 300,
    "height": 300
  },
  "number_of_targets": 1,
  "homographies": {
    "1": {
      "camera_points": [
        [
          275.3929443359375,
          173.24693298339844
        ],
        [
          395.0445251464844,
          167.3944854736328
        ],
        [
          402.5967102050781,
          290.1108093261719
        ],
        [
          271.970947265625,
          295.0478515625
        ]
      ],
      "alvobase_corners": [
        [
          0.0,
          0.0
        ],
        [
          300.0,
          0.0
        ],
        [
          300.0,
          300.0
        ],
        [
          0.0,
          300.0
        ]
      ],
      "homography_matrix": [
        [
          3.0408037653488065,
          0.0854313883491864,
          -852.2166280992234
        ],
        [
          0.1576766003514478,
          3.2236520630732106,
          -601.9108561567049
        ],
        [
          0.00015344122593763447,
          0.0008991168325799246,
          0.9999999999999999
        ]
      ]
    }
  }
}