{
  "calculation_timestamp": "2025-07-24T12:45:16.940431",
  "alvobase_dimensions": {
    "width": 300,
    "height": 300
  },
  "number_of_targets": 1,
  "homographies": {
    "1": {
      "camera_points": [
        [
          298.508056640625,
          117.26995849609375
        ],
        [
          394.1461181640625,
          105.79691314697266
        ],
        [
          409.2025146484375,
          208.04981994628906
        ],
        [
          309.9128723144531,
          220.2977294921875
        ]
      ],
      "alvobase_corners": [
        [
          0.0,
          0.0
        ],
        [
          300.0,
          0.0
        ],
        [
          300.0,
          300.0
        ],
        [
          0.0,
          300.0
        ]
      ],
      "homography_matrix": [
        [
          3.2402760566809192,
          -0.35868728209373363,
          -925.1852659747602
        ],
        [
          0.3759619778264,
          3.1339782657260193,
          -479.74918052107455
        ],
        [
          1.3024235008991816e-05,
          0.0003928571084365705,
          1.0
        ]
      ]
    }
  }
}