{
  "calculation_timestamp": "2025-07-24T08:26:16.827459",
  "alvobase_dimensions": {
    "width": 300,
    "height": 300
  },
  "number_of_targets": 2,
  "homographies": {
    "1": {
      "camera_points": [
        [
          466.6,
          212.7
        ],
        [
          371.3,
          213.5
        ],
        [
          460.0,
          111.6
        ],
        [
          174.9,
          106.3
        ]
      ],
      "alvobase_corners": [
        [
          0.0,
          0.0
        ],
        [
          300.0,
          0.0
        ],
        [
          300.0,
          300.0
        ],
        [
          0.0,
          300.0
        ]
      ],
      "homography_matrix": [
        [
          0.4435063316788469,
          -1.215891069415652,
          51.67996968580635
        ],
        [
          -0.009958382382203165,
          -1.1862880038795245,
          256.97003608522823
        ],
        [
          -7.319282991928653e-06,
          -0.005346191775024328,
          0.9999999999999999
        ]
      ]
    },
    "2": {
      "camera_points": [
        [
          368.4,
          109.5
        ],
        [
          268.9,
          215.4
        ],
        [
          169.77777777777777,
          211.44444444444446
        ],
        [
          270.875,
          109.0
        ]
      ],
      "alvobase_corners": [
        [
          0.0,
          0.0
        ],
        [
          300.0,
          0.0
        ],
        [
          300.0,
          300.0
        ],
        [
          0.0,
          300.0
        ]
      ],
      "homography_matrix": [
        [
          -0.018993739894407387,
          3.7047287345468662,
          -398.67050277171097
        ],
        [
          -3.7091970227294637,
          -3.4850342307133366,
          1748.0794087975028
        ],
        [
          0.00039076961687766506,
          0.0009702452026417205,
          1.0
        ]
      ]
    }
  }
}