{
  "calculation_timestamp": "2025-07-24T11:58:46.672885",
  "alvobase_dimensions": {
    "width": 300,
    "height": 300
  },
  "number_of_targets": 1,
  "homographies": {
    "1": {
      "camera_points": [
        [
          294.39019775390625,
          114.54197692871094
        ],
        [
          390.482177734375,
          109.04566192626953
        ],
        [
          398.6315002441406,
          212.13780212402344
        ],
        [
          298.7496032714844,
          217.9182586669922
        ]
      ],
      "alvobase_corners": [
        [
          0.0,
          0.0
        ],
        [
          300.0,
          0.0
        ],
        [
          300.0,
          300.0
        ],
        [
          0.0,
          300.0
        ]
      ],
      "homography_matrix": [
        [
          3.2701508327086066,
          -0.13790313739000995,
          -946.9046523448643
        ],
        [
          0.18084764930644348,
          3.161756320180065,
          -415.39359472292404
        ],
        [
          1.6083076630764636e-05,
          0.0004007245149986719,
          1.0
        ]
      ]
    }
  }
}