{
  "calculation_timestamp": "2025-07-24T14:52:59.659834",
  "alvobase_dimensions": {
    "width": 300,
    "height": 300
  },
  "number_of_targets": 2,
  "homographies": {
    "1": {
      "camera_points": [
        [
          227.51431274414062,
          171.8463134765625
        ],
        [
          314.8687438964844,
          161.69642639160156
        ],
        [
          327.4350280761719,
          256.6912536621094
        ],
        [
          239.28155517578125,
          267.2315368652344
        ]
      ],
      "alvobase_corners": [
        [
          0.0,
          0.0
        ],
        [
          300.0,
          0.0
        ],
        [
          300.0,
          300.0
        ],
        [
          0.0,
          300.0
        ]
      ],
      "homography_matrix": [
        [
          3.4183817196082833,
          -0.42171025017797925,
          -705.2614157854474
        ],
        [
          0.3683588414129464,
          3.1702596080346663,
          -628.6043350517039
        ],
        [
          -2.3152859591831933e-05,
          0.00010468455525662158,
          1.0
        ]
      ]
    },
    "2": {
      "camera_points": [
        [
          406.0852966308594,
          148.06771850585938
        ],
        [
          489.5957336425781,
          147.97216796875
        ],
        [
          492.5083312988281,
          240.3009796142578
        ],
        [
          407.5924377441406,
          242.41250610351562
        ]
      ],
      "alvobase_corners": [
        [
          0.0,
          0.0
        ],
        [
          300.0,
          0.0
        ],
        [
          300.0,
          300.0
        ],
        [
          0.0,
          300.0
        ]
      ],
      "homography_matrix": [
        [
          3.2752659935059647,
          -0.05232178863760976,
          -1322.2901946461195
        ],
        [
          0.003447843117025286,
          3.013388455588002,
          -447.58567198572473
        ],
        [
          -0.0002338672006200349,
          0.0001773758995616036,
          1.0
        ]
      ]
    }
  }
}