{
  "processing_timestamp": "2025-07-28T15:21:41.884979",
  "calibration_info": {
    "blob_positions": [
      [
        402.5967061360677,
        290.11081949869794
      ],
      [
        271.97096150716146,
        295.0478515625
      ],
      [
        395.0445119222005,
        167.394487508138
      ],
      [
        275.39295450846356,
        173.24693857828777
      ]
    ],
    "number_of_targets": 1
  },
  "targets": []
}